from,to,type,evidence_tag,note
BC-SKL-06001,BC-SKL-06007,hard_prerequisite,inferred,A midpoint Riemann sum approximates the accumulated change read as area under a rate graph.
BC-SKL-06001,BC-SKL-06009,hard_prerequisite,inferred,A Riemann sum approximates the accumulated change read as area under a rate graph.
BC-SKL-06001,BC-SKL-06018,hard_prerequisite,inferred,Differentiating an accumulation function needs the accumulation reading of area under a graph.
BC-SKL-06001,BC-SKL-06028,hard_prerequisite,inferred,Evaluating a definite integral from area formulas uses the area reading of accumulated change.
BC-SKL-06028,BC-SKL-06036,hard_prerequisite,inferred,Net change from a rate is evaluated as a definite integral.
BC-SKL-06001,BC-SKL-06039,hard_prerequisite,inferred,A rate in minus rate out integral accumulates a net rate over an interval.
BC-SKL-02032,BC-SKL-06043,hard_prerequisite,inferred,Inverse trigonometric antiderivatives build on the trigonometric derivative rules.
BC-SKL-03002,BC-SKL-06045,hard_prerequisite,inferred,Verifying an antiderivative differentiates it, usually with the chain rule.
BC-SKL-06045,BC-SKL-06053,hard_prerequisite,inferred,Long division is done to reach terms whose antiderivatives are basic.
BC-SKL-06047,BC-SKL-06062,hard_prerequisite,inferred,Partial fractions follow substitution in the order antidifferentiation techniques are built.
BC-SKL-02021,BC-SKL-05011,hard_prerequisite,inferred,Critical points where the derivative fails to exist rest on recognising points of nondifferentiability.
BC-SKL-02012,BC-SKL-02015,hard_prerequisite,inferred,Units of an estimated derivative follow from reading the derivative as a rate.
BC-SKL-02012,BC-SKL-04001,hard_prerequisite,inferred,Units of a derivative in context follow from reading the derivative as a rate.
BC-SKL-02018,BC-SKL-04004,hard_prerequisite,inferred,Approximating a derivative from an average rate of change extends estimating a derivative at a point.
BC-SKL-03007,BC-SKL-04022,hard_prerequisite,inferred,Differentiating a relation with respect to time is implicit differentiation.
BC-SKL-02012,BC-SKL-04028,hard_prerequisite,inferred,The tangent line equation uses the derivative as the slope of the tangent.
BC-SKL-07010,BC-SKL-07028,hard_prerequisite,inferred,Recognising a nonseparable equation reads the form of the equation's slope expression.
